link_item,data_product_id_list,data_product_id,name_comment,content_comment,product_variant,datetime_comment,rating
https://hasaki.vn/san-pham/sua-rua-mat-tay-te-bao-chet-tra-xanh-lam-giam-mun-dau-den-st-ives-170g-1971.html,"['1972', '98653', '98651', '1971', '1976', '71277']",1971,Nguyễn Thị Thanh Nga,"sản phẩm tot, rửa xong da mịn hơn.",Tẩy Tế Bào Chết Hương Mơ - 170g Đã mua hàng online,07: 13 | 23/10/2017,5.0
https://hasaki.vn/san-pham/sua-rua-mat-tay-te-bao-chet-tra-xanh-lam-giam-mun-dau-den-st-ives-170g-1971.html,"['1972', '98653', '98651', '1971', '1976', '71277']",1971,Mỹ Duyên,So good !,Tẩy Tế Bào Chết Trà Xanh Trị Mụn Đầu Đen - 170g Đã mua hàng online,16: 26 | 09/08/2017,5.0
https://hasaki.vn/san-pham/sua-rua-mat-tay-te-bao-chet-tra-xanh-lam-giam-mun-dau-den-st-ives-170g-1971.html,"['1972', '98653', '98651', '1971', '1976', '71277']",1971,Gia Linh Lai,Sử dụng lần đầu xong thấy mặt mịn và căng lắm,Tẩy Tế Bào Chết Trà Xanh Trị Mụn Đầu Đen - 170g Đã mua hàng online,07: 20 | 08/08/2017,5.0
https://hasaki.vn/san-pham/sua-rua-mat-tay-te-bao-chet-tra-xanh-lam-giam-mun-dau-den-st-ives-170g-1971.html,"['1972', '98653', '98651', '1971', '1976', '71277']",1971,Trần Thị Kiều Yên,"Hạt scrub hơi to chỉ nên mát xa nhẹ nhàng ,mùi mơ thoang thoảng,làm sạch sâu",Sữa Rửa Mặt Tẩy Tế Bào Chết Ngăn Ngừa Mụn Chiết Xuất Trái Mơ - 170g Đã mua hàng online,06: 19 | 07/08/2017,5.0
https://hasaki.vn/san-pham/sua-rua-mat-tay-te-bao-chet-tra-xanh-lam-giam-mun-dau-den-st-ives-170g-1971.html,"['1972', '98653', '98651', '1971', '1976', '71277']",1971,Hằng Bàn Thiên,tốt,Tẩy Tế Bào Chết Trà Xanh Trị Mụn Đầu Đen - 170g,02: 09 | 18/07/2017,5.0
https://hasaki.vn/san-pham/sua-rua-mat-tay-te-bao-chet-tra-xanh-lam-giam-mun-dau-den-st-ives-170g-1971.html,"['1972', '98653', '98651', '1971', '1976', '71277']",1971,Kiều Oanh Dương Thị,"sản phẩm hạt nhỏ nhưng khi massage lên mặt thì cảm giác hạt rất cứng, không tan nên dễ làm xước da. Da mỏng hoặc nhạy cảm nên suy nghĩ trước khi mua.",Sữa Rửa Mặt Tẩy Tế Bào Chết Trà Xanh Làm Giảm Mụn Đầu Đen St.Ives 170g Đã mua hàng online,08: 53 | 04/09/2019,4.0
https://hasaki.vn/san-pham/sua-rua-mat-tay-te-bao-chet-tra-xanh-lam-giam-mun-dau-den-st-ives-170g-1971.html,"['1972', '98653', '98651', '1971', '1976', '71277']",1971,đức nguyễn,Dùng cực thích . Dùng một tuần 2 lần để tẩy da chết là sau 2 tuần gần như mụn đầu đen mất hết,Sữa Rửa Mặt Tẩy Tế Bào Chết Trà Xanh Làm Giảm Mụn Đầu Đen St.Ives 170g Đã mua hàng online,11: 14 | 06/05/2019,5.0
https://hasaki.vn/san-pham/sua-rua-mat-tay-te-bao-chet-tra-xanh-lam-giam-mun-dau-den-st-ives-170g-1971.html,"['1972', '98653', '98651', '1971', '1976', '71277']",1971,Thư Nguyễn,Chai cà phế thơm dã man lunnnnnn,Sữa Rửa Mặt Tẩy Tế Bào Chết Dừa & Cafe St.Ives 170g Đã mua hàng online,20: 21 | 19/04/2019,5.0
https://hasaki.vn/san-pham/sua-rua-mat-tay-te-bao-chet-tra-xanh-lam-giam-mun-dau-den-st-ives-170g-1971.html,"['1972', '98653', '98651', '1971', '1976', '71277']",1971,Trần Thị Hồng vân,tạm ổn,Sữa Rửa Mặt Tẩy Tế Bào Chết Trà Xanh Làm Giảm Mụn Đầu Đen St.Ives 170g Đã mua hàng online,13: 09 | 25/02/2019,4.0
https://hasaki.vn/san-pham/sua-rua-mat-tay-te-bao-chet-tra-xanh-lam-giam-mun-dau-den-st-ives-170g-1971.html,"['1972', '98653', '98651', '1971', '1976', '71277']",1971,Nguyễn Thị Ngân Khánh,?,Sữa Rửa Mặt Tẩy Tế Bào Chết Trà Xanh Làm Giảm Mụn Đầu Đen St.Ives 170g Đã mua hàng online,00: 00 | 09/12/2018,3.0
https://hasaki.vn/san-pham/sua-rua-mat-tay-te-bao-chet-tra-xanh-lam-giam-mun-dau-den-st-ives-170g-1971.html,"['1972', '98653', '98651', '1971', '1976', '71277']",1971,Nguyễn Thị Ngân Khánh,"Cảnh báo: đừng ăn sản phẩm. Ngoài mùi thơm, mình đã đúng khi không mong đợi gì nhiều ở tẩy tế bào chết thiên nhiên này.",Sữa Rửa Mặt Tẩy Tế Bào Chết Dừa & Cafe St.Ives 170g Đã mua hàng online,00: 00 | 09/12/2018,5.0
https://hasaki.vn/san-pham/sua-rua-mat-tay-te-bao-chet-tra-xanh-lam-giam-mun-dau-den-st-ives-170g-1971.html,"['1972', '98653', '98651', '1971', '1976', '71277']",1971,Tuyết Nguyễn,,Tẩy Tế Bào Chết St.Ives Trà Xanh Làm Giảm Mụn Đầu Đen 170g Đã mua hàng online,20: 38 | 19/09/2018,5.0
https://hasaki.vn/san-pham/sua-rua-mat-tay-te-bao-chet-tra-xanh-lam-giam-mun-dau-den-st-ives-170g-1971.html,"['1972', '98653', '98651', '1971', '1976', '71277']",1971,Kim Ngân,Mềm mịn,Sữa Rửa Mặt St.Ives Tẩy Tế Bào Chết & Ngừa Mụn Chiết Xuất Mơ 170g Đã mua hàng online,14: 26 | 14/09/2018,5.0
https://hasaki.vn/san-pham/sua-rua-mat-tay-te-bao-chet-tra-xanh-lam-giam-mun-dau-den-st-ives-170g-1971.html,"['1972', '98653', '98651', '1971', '1976', '71277']",1971,Kim Ngân,OK phết,Tẩy Tế Bào Chết St.Ives Trà Xanh Làm Giảm Mụn Đầu Đen 170g Đã mua hàng online,05: 06 | 03/09/2018,5.0
https://hasaki.vn/san-pham/sua-rua-mat-tay-te-bao-chet-tra-xanh-lam-giam-mun-dau-den-st-ives-170g-1971.html,"['1972', '98653', '98651', '1971', '1976', '71277']",1971,Nguyễn Ngọc Như Ý,Hạt bé tí massage rất là đã luôn,Tẩy Tế Bào Chết Trà Xanh Làm Giảm Mụn Đầu Đen - 170g Đã mua hàng online,11: 54 | 13/12/2017,5.0
https://hasaki.vn/san-pham/sua-rua-mat-tay-te-bao-chet-tra-xanh-lam-giam-mun-dau-den-st-ives-170g-1971.html,"['1972', '98653', '98651', '1971', '1976', '71277']",1971,Hồ Huy,"không phải mùi trà xanh nhưng tẩy tế bào chết tốt không kích ứng da nhưng hơi khô, loại bỏ mụn đầu đen cực tốt khỏi chê",Sữa Rửa Mặt Tẩy Tế Bào Chết Trà Xanh Làm Giảm Mụn Đầu Đen St.Ives 170g Đã mua hàng online,20: 44 | 05/09/2021,5.0
https://hasaki.vn/san-pham/sua-rua-mat-tay-te-bao-chet-tra-xanh-lam-giam-mun-dau-den-st-ives-170g-1971.html,"['1972', '98653', '98651', '1971', '1976', '71277']",1971,Công Chúa,"trời ơi sạch mụn đầu đen thật á mn, mà nên se khít lỗ chân á, chứ như mình nè, sạch mụn đầu đen mà lcn còn to, nên vân bị lại",Sữa Rửa Mặt Tẩy Tế Bào Chết Trà Xanh Làm Giảm Mụn Đầu Đen St.Ives 170g Đã mua hàng online,10: 38 | 28/07/2021,5.0
https://hasaki.vn/san-pham/sua-rua-mat-tay-te-bao-chet-tra-xanh-lam-giam-mun-dau-den-st-ives-170g-1971.html,"['1972', '98653', '98651', '1971', '1976', '71277']",1971,Bảo Anh Trần,Sản phẩm sử dụng rất tốt ♥️,Sữa Rửa Mặt Tẩy Tế Bào Chết Trà Xanh Làm Giảm Mụn Đầu Đen St.Ives 170g Đã mua hàng online,21: 59 | 24/07/2021,4.0
https://hasaki.vn/san-pham/sua-rua-mat-tay-te-bao-chet-tra-xanh-lam-giam-mun-dau-den-st-ives-170g-1971.html,"['1972', '98653', '98651', '1971', '1976', '71277']",1971,Võ Luyến,"Mùi cafe + dừa rất thơm , thư giản . rửa xong da mịn hẳn . đã mua đến típ thứ 2 , siêu ưng .",Sữa Rửa Mặt Tẩy Tế Bào Chết Dừa & Cafe St.Ives 170g Đã mua hàng online,13: 12 | 11/07/2021,5.0
https://hasaki.vn/san-pham/sua-rua-mat-tay-te-bao-chet-tra-xanh-lam-giam-mun-dau-den-st-ives-170g-1971.html,"['1972', '98653', '98651', '1971', '1976', '71277']",1971,Trinh phan,"Dùng mấy tháng rồi mới review cho chị em! đó là sản phẩm này quá tuyệt vời da mình bớt mụn đầu đen, lỗ chân lông cũng thu hẹp lại thấy rõ luôn, sản phẩm này rất dịu nhẹ mình da nhạy cảm cũng dùng được. so với mức giá và hiệu quả thực tế đem lại thì phải nói là sảm phẩm này quá rẻ so với chất lượng của nó mang lại cho người dùng, chị em nên mua sản phẩm tẩy tế bào chết này về dùng nhé! mình dùng rồi!!!! vote cho em nó 5 sao sau mấy tháng sử dụng",Sữa Rửa Mặt Tẩy Tế Bào Chết Quả Mơ Ngừa Mụn St.Ives 170g Đã mua hàng online,10: 00 | 26/03/2021,5.0
https://hasaki.vn/san-pham/sua-rua-mat-tay-te-bao-chet-tra-xanh-lam-giam-mun-dau-den-st-ives-170g-1971.html,"['1972', '98653', '98651', '1971', '1976', '71277']",1971,Trần Mi,"Ôi mới đặt hôm qua, nay đã giao r. Anh shipper dth, nhiệt tình vãi. Mua đợt sale nên giá rất ok, sp mùi thơm và xài ok nà. Yêu ghê",Sữa Rửa Mặt Tẩy Tế Bào Chết Trà Xanh Làm Giảm Mụn Đầu Đen St.Ives 170g Đã mua hàng online,11: 55 | 10/06/2020,5.0
https://hasaki.vn/san-pham/sua-rua-mat-tay-te-bao-chet-tra-xanh-lam-giam-mun-dau-den-st-ives-170g-1971.html,"['1972', '98653', '98651', '1971', '1976', '71277']",1971,Dạ Nhật,"Giá rẻ, có mùi, mùi mình thấy okay. Nói chung là nó làm tốt chức trách của mình, ngoài ra không có gì đáng nói.",Sữa Rửa Mặt Tẩy Tế Bào Chết Trà Xanh Làm Giảm Mụn Đầu Đen St.Ives 170g Đã mua hàng online,15: 49 | 14/03/2020,5.0
https://hasaki.vn/san-pham/sua-rua-mat-tay-te-bao-chet-tra-xanh-lam-giam-mun-dau-den-st-ives-170g-1971.html,"['1972', '98653', '98651', '1971', '1976', '71277']",1971,Xuân Lê,mùi cực thơm. tẩy ở mức tb khá có giảm mụn đầu đen sau khi tẩy xong. giá thành ổn,Sữa Rửa Mặt Tẩy Tế Bào Chết Trà Xanh Làm Giảm Mụn Đầu Đen St.Ives 170g Đã mua hàng online,11: 36 | 14/01/2020,5.0
https://hasaki.vn/san-pham/sua-rua-mat-tay-te-bao-chet-tra-xanh-lam-giam-mun-dau-den-st-ives-170g-1971.html,"['1972', '98653', '98651', '1971', '1976', '71277']",1971,Trần Phối Nghi,"Mình sử dụng mặt thì bị dị ứng, nổi mụn. Bỏ thì hơi uổng nên chuyển qua dùng cho tay chân thì ổn, da có mượt hơn.",Sữa Rửa Mặt Tẩy Tế Bào Chết Trà Xanh Làm Giảm Mụn Đầu Đen St.Ives 170g Đã mua hàng online,12: 18 | 07/01/2020,3.0
https://hasaki.vn/san-pham/sua-rua-mat-tay-te-bao-chet-tra-xanh-lam-giam-mun-dau-den-st-ives-170g-1971.html,"['1972', '98653', '98651', '1971', '1976', '71277']",1971,vy vy,Dùng loại tẩy trang làm sạch sâu lỗ chân lông xong rửa mặt bằng srm này là bao sạch mụn đầu đen luôn á. Sản phẩm nên dùng.,Sữa Rửa Mặt Tẩy Tế Bào Chết Trà Xanh Làm Giảm Mụn Đầu Đen St.Ives 170g Đã mua hàng online,05: 26 | 21/10/2019,5.0
https://hasaki.vn/san-pham/sua-rua-mat-tay-te-bao-chet-tra-xanh-lam-giam-mun-dau-den-st-ives-170g-1971.html,"['1972', '98653', '98651', '1971', '1976', '71277']",1971,Tran Tran,"Mùi dễ chịu, làm sạch tốt, chỉ rửa sạch bụi bẩn và mụn đầu đen thôi chứ mụn ẩn vẫn còn nha. Hạt cứng và không tan nên có thể làm trầy da nếu chà xát mạnh. Mình thấy loại này chỉ nên dùng 1-2 lần mỗi tuần chứ dùng thường xuyên hơi hại da mặt, da có mụn nhiều hoặc mụn viêm thì không nên dùng.",Sữa Rửa Mặt St.Ives Tẩy Tế Bào Chết Trà Xanh Ngừa Mụn 170g Đã mua hàng online,10: 55 | 15/06/2022,4.0
https://hasaki.vn/san-pham/sua-rua-mat-tay-te-bao-chet-tra-xanh-lam-giam-mun-dau-den-st-ives-170g-1971.html,"['1972', '98653', '98651', '1971', '1976', '71277']",1971,Parsley,"mát xa da mặt đã lắm nhe, mới mua chưa biết có giảm mụn gì không nhưng rửa xong hong có bị căng da, có BHA nên sau khi rửa mặt phải cấp ẩm dưỡng này nọ liền",Sữa Rửa Mặt St.Ives Tẩy Tế Bào Chết Trà Xanh Ngừa Mụn 170g Đã mua hàng online,21: 36 | 14/06/2022,5.0
https://hasaki.vn/san-pham/sua-rua-mat-tay-te-bao-chet-tra-xanh-lam-giam-mun-dau-den-st-ives-170g-1971.html,"['1972', '98653', '98651', '1971', '1976', '71277']",1971,Nguyễn Thị Lan Hương,"tẩy tế bào chết nhẹ nhàng, chai siêu nhiều xài hết hạn còn chưa hết sản phẩm, khi đi du lịch có thể đem nó đi vừa rửa mặt vừa tắm luôn bao tiện :D",Sữa Rửa Mặt St.Ives Tẩy Tế Bào Chết Trà Xanh Ngừa Mụn 170g Đã mua hàng online,11: 24 | 25/05/2022,5.0
https://hasaki.vn/san-pham/sua-rua-mat-tay-te-bao-chet-tra-xanh-lam-giam-mun-dau-den-st-ives-170g-1971.html,"['1972', '98653', '98651', '1971', '1976', '71277']",1971,Mỷ Thương,Này sài thích cực tẩy tbc xong da mịn hẳn,Sữa Rửa Mặt St.Ives Tẩy Tế Bào Chết Trà Xanh Ngừa Mụn 170g Đã mua hàng online,19: 24 | 02/04/2022,5.0
https://hasaki.vn/san-pham/sua-rua-mat-tay-te-bao-chet-tra-xanh-lam-giam-mun-dau-den-st-ives-170g-1971.html,"['1972', '98653', '98651', '1971', '1976', '71277']",1971,Đăng Hoa,tạm ổn,Sữa Rửa Mặt St.Ives Tẩy Tế Bào Chết Trà Xanh Ngừa Mụn 170g Đã mua hàng online,19: 53 | 13/03/2022,4.0
https://hasaki.vn/san-pham/sua-rua-mat-tay-te-bao-chet-tra-xanh-lam-giam-mun-dau-den-st-ives-170g-1971.html,"['1972', '98653', '98651', '1971', '1976', '71277']",1971,vũ thị ngân,"hạt rất cứng, bạn nào da hay nổi mụn thì nên cân nhắc nhé. nhưng thơm thì đỉnh luôn.",Tẩy Tế Bào Chết St.Ives Chiết Xuất Trà Xanh Ngừa Mụn 170g Đã mua hàng online,10: 28 | 10/02/2022,4.0
https://hasaki.vn/san-pham/sua-rua-mat-tay-te-bao-chet-tra-xanh-lam-giam-mun-dau-den-st-ives-170g-1971.html,"['1972', '98653', '98651', '1971', '1976', '71277']",1971,Nguyễn Thị Vân Anh,Ổn,Tẩy Tế Bào Chết St.Ives Chiết Xuất Trà Xanh Ngừa Mụn 170g Đã mua hàng online,17: 34 | 05/01/2022,5.0
https://hasaki.vn/san-pham/sua-rua-mat-tay-te-bao-chet-tra-xanh-lam-giam-mun-dau-den-st-ives-170g-1971.html,"['1972', '98653', '98651', '1971', '1976', '71277']",1971,Lan Hương,"mình đã sử dụng và mình khẳng định theo cá nhân mình là hết sạch mụn đầu đen, lúc massa thấy rất dễ chịu vì mình thích hạt to nên bạn nào da nhạy cảm nên cân nhắc vì có thể gây đỏ da vì da mặt khá mỏng, tẩy sạch da chết và không gây kích ứng!!! rất hài lòng nhaa",Tẩy Tế Bào Chết St.Ives Chiết Xuất Trà Xanh Ngừa Mụn 170g Đã mua hàng online,16: 10 | 03/12/2021,5.0
https://hasaki.vn/san-pham/sua-rua-mat-tay-te-bao-chet-tra-xanh-lam-giam-mun-dau-den-st-ives-170g-1971.html,"['1972', '98653', '98651', '1971', '1976', '71277']",1971,lê thị đoan nghi,"Chân ái của đời mình, xài ko biết bao nhiêu tuýp này rồi. Rẻ nhưng ngon bổ lắm nha mọi người, trị mụn cực tốt, da mặt mình ko thuộc loại mỏng hay nhạy cảm nên mình dùng hàng ngày như sữa rửa mặt luôn, còn bạn nào da mỏng thì nên xài 2-3 lần/ tuần thôi ạ. Hồi trước mình bị mụn nhiều kinh khủng, chỉ dùng srm này thôi mà dẹp được hết đống mụn luôn, nên cưng ẻm lắm. Có điều da sẽ hơi khô xíu nha!",Tẩy Tế Bào Chết St.Ives Chiết Xuất Trà Xanh Ngừa Mụn 170g Đã mua hàng online,00: 16 | 20/11/2021,5.0
https://hasaki.vn/san-pham/sua-rua-mat-tay-te-bao-chet-tra-xanh-lam-giam-mun-dau-den-st-ives-170g-1971.html,"['1972', '98653', '98651', '1971', '1976', '71277']",1971,Trịnh Ninh,"Hạt tẩy TBC cứng, không tan phù hợp với da body của mình hơn. Hàng tốt, đóng gói cẩn thận. Đặt hàng giao ngay trong ngày và rất nhanh. Cám ơn shop.",Sữa Rửa Mặt Tẩy Tế Bào Chết Quả Mơ Ngừa Mụn St.Ives 170g Đã mua hàng online,22: 44 | 03/11/2021,5.0
https://hasaki.vn/san-pham/sua-rua-mat-tay-te-bao-chet-tra-xanh-lam-giam-mun-dau-den-st-ives-170g-1971.html,"['1972', '98653', '98651', '1971', '1976', '71277']",1971,Nguyễn Thị Phương,Sản phẩm tốt nên mua,Sữa Rửa Mặt St.Ives Tẩy Tế Bào Chết Hoa Hồng & Lô Hội 170g,09: 29 | 20/11/2023,5.0
https://hasaki.vn/san-pham/sua-rua-mat-tay-te-bao-chet-tra-xanh-lam-giam-mun-dau-den-st-ives-170g-1971.html,"['1972', '98653', '98651', '1971', '1976', '71277']",1971,Hường Vũ,Mùi dễ chịu giảm mụn,Sữa Rửa Mặt St.Ives Tẩy Tế Bào Chết Hoa Hồng & Lô Hội 170g,09: 27 | 20/11/2023,5.0
https://hasaki.vn/san-pham/sua-rua-mat-tay-te-bao-chet-tra-xanh-lam-giam-mun-dau-den-st-ives-170g-1971.html,"['1972', '98653', '98651', '1971', '1976', '71277']",1971,Nguyễn anh ly,"Mùi dễ chịu, giảm mụn",Sữa Rửa Mặt St.Ives Tẩy Tế Bào Chết Hoa Hồng & Lô Hội 170g,09: 00 | 20/11/2023,5.0
https://hasaki.vn/san-pham/sua-rua-mat-tay-te-bao-chet-tra-xanh-lam-giam-mun-dau-den-st-ives-170g-1971.html,"['1972', '98653', '98651', '1971', '1976', '71277']",1971,HẢI MY,"sau khi dùng loại mơ thì mình nghĩ sp của hãng này đều hạt rất to và thô, nhg mà loại này dùng thích hơn nha mng ơi, hạt rất mềm ko gây khô rát da, đã v còn thơm nữa (ko phải thơm hoá học nhé)",Sữa Rửa Mặt St.Ives Tẩy Tế Bào Chết Trà Xanh & Than Tre 170g Đã mua hàng online,04: 48 | 14/08/2023,5.0
https://hasaki.vn/san-pham/sua-rua-mat-tay-te-bao-chet-tra-xanh-lam-giam-mun-dau-den-st-ives-170g-1971.html,"['1972', '98653', '98651', '1971', '1976', '71277']",1971,Hà An Đào Thị,"Hạt scrub vừa phải, nhưng hạn chế chà xát mạnh vùng má. Mùi thơm. Khả năng tẩy mụn đầu đen thì tạm được.",Sữa Rửa Mặt St.Ives Tẩy Tế Bào Chết Trà Xanh & Than Tre 170g Đã mua hàng online,15: 45 | 08/06/2023,5.0
https://hasaki.vn/san-pham/sua-rua-mat-tay-te-bao-chet-tra-xanh-lam-giam-mun-dau-den-st-ives-170g-1971.html,"['1972', '98653', '98651', '1971', '1976', '71277']",1971,Hoàng Thị Hồng Thúy,sản phẩm sẽ phù hợp vs boby nhiều hơn là da mặt do hạt khá thô nên cân nhắc đối với ai thuộc da nhạy cảm,Sữa Rửa Mặt St.Ives Tẩy Tế Bào Chết Trà Xanh Ngừa Mụn 170g Đã mua hàng online,08: 44 | 21/11/2022,3.0
https://hasaki.vn/san-pham/sua-rua-mat-tay-te-bao-chet-tra-xanh-lam-giam-mun-dau-den-st-ives-170g-1971.html,"['1972', '98653', '98651', '1971', '1976', '71277']",1971,Linh nguyen,"Mùi rất thơm, hạt có hơi to với sắc nếu bạn chỉ bị mụn đầu đen vùng mũi thôi thì nên chỉ sử dụng trên khu vực đó thôi,k nên dùng hết trên mặt dễ bị trầy. Muốn hiệu quả hơn thì trước khi rửa mặt lấy khăn nhúng nước ấm hoặc hơi nóng rồi đặt trên mũi cho mụn nó mềm ra, sau đó rửa thì sẽ giảm mụn",Sữa Rửa Mặt St.Ives Tẩy Tế Bào Chết Trà Xanh Ngừa Mụn 170g Đã mua hàng online,00: 40 | 18/11/2022,5.0
https://hasaki.vn/san-pham/sua-rua-mat-tay-te-bao-chet-tra-xanh-lam-giam-mun-dau-den-st-ives-170g-1971.html,"['1972', '98653', '98651', '1971', '1976', '71277']",1971,Thuy Pham,Tay xong da min,Sữa Rửa Mặt St.Ives Tẩy Tế Bào Chết Trà Xanh Ngừa Mụn 170g Đã mua hàng online,20: 31 | 12/10/2022,5.0
https://hasaki.vn/san-pham/sua-rua-mat-tay-te-bao-chet-tra-xanh-lam-giam-mun-dau-den-st-ives-170g-1971.html,"['1972', '98653', '98651', '1971', '1976', '71277']",1971,Phượng Tăng,"Giá thành hợp lý Sử dụng tẩy tế bào chết 3/7 ngày ok Hạt không quá bự, mùi dễ chịu",Sữa Rửa Mặt St.Ives Tẩy Tế Bào Chết Trái Mơ Ngừa Mụn 170g Đã mua hàng online,21: 40 | 23/08/2022,5.0
https://hasaki.vn/san-pham/sua-rua-mat-tay-te-bao-chet-tra-xanh-lam-giam-mun-dau-den-st-ives-170g-1971.html,"['1972', '98653', '98651', '1971', '1976', '71277']",1971,Mỹ Linh,Loại này mình đã xài đi xài lại nhiều lần lắm ùi. Tẩy tb chết ổn áp lại rẻ nữa á.,Sữa Rửa Mặt St.Ives Tẩy Tế Bào Chết Cà Phê & Dừa 170g Đã mua hàng online,20: 11 | 27/06/2022,5.0
https://hasaki.vn/san-pham/sua-rua-mat-tay-te-bao-chet-tra-xanh-lam-giam-mun-dau-den-st-ives-170g-1971.html,"['1972', '98653', '98651', '1971', '1976', '71277']",1971,Lý Nguyen,"mùi dễ chịu, giam mụn",Sữa Rửa Mặt St.Ives Tẩy Tế Bào Chết Trái Mơ Tươi Mát 170g,12: 38 | 20/11/2023,5.0
https://hasaki.vn/san-pham/sua-rua-mat-tay-te-bao-chet-tra-xanh-lam-giam-mun-dau-den-st-ives-170g-1971.html,"['1972', '98653', '98651', '1971', '1976', '71277']",1971,Ngọc Châu,Mùi cực thơm lun vs rất dễ chịu vs dảm mụn,Sữa Rửa Mặt St.Ives Tẩy Tế Bào Chết Hoa Hồng & Lô Hội 170g,12: 19 | 20/11/2023,5.0
https://hasaki.vn/san-pham/sua-rua-mat-tay-te-bao-chet-tra-xanh-lam-giam-mun-dau-den-st-ives-170g-1971.html,"['1972', '98653', '98651', '1971', '1976', '71277']",1971,Quan thi thơm,mùi dễ chịu giảm mụn,Sữa Rửa Mặt St.Ives Tẩy Tế Bào Chết Trà Xanh & Than Tre 170g,12: 02 | 20/11/2023,5.0
https://hasaki.vn/san-pham/sua-rua-mat-tay-te-bao-chet-tra-xanh-lam-giam-mun-dau-den-st-ives-170g-1971.html,"['1972', '98653', '98651', '1971', '1976', '71277']",1971,Phùng thị thu hiền,"Mùi dễ chịu, giảm mụn",Sữa Rửa Mặt St.Ives Tẩy Tế Bào Chết Hoa Hồng & Lô Hội 170g,11: 49 | 20/11/2023,5.0
https://hasaki.vn/san-pham/sua-rua-mat-tay-te-bao-chet-tra-xanh-lam-giam-mun-dau-den-st-ives-170g-1971.html,"['1972', '98653', '98651', '1971', '1976', '71277']",1971,Tuyền Trần,mùi dễ chịu giảm mụn,Sữa Rửa Mặt St.Ives Tẩy Tế Bào Chết Hoa Hồng & Lô Hội 170g,11: 29 | 20/11/2023,5.0
https://hasaki.vn/san-pham/sua-rua-mat-tay-te-bao-chet-tra-xanh-lam-giam-mun-dau-den-st-ives-170g-1971.html,"['1972', '98653', '98651', '1971', '1976', '71277']",1971,Ton nu my,"Mùi dễ chịu, giảm mụn",Sữa Rửa Mặt St.Ives Tẩy Tế Bào Chết Hoa Hồng & Lô Hội 170g,11: 09 | 20/11/2023,5.0
https://hasaki.vn/san-pham/sua-rua-mat-tay-te-bao-chet-tra-xanh-lam-giam-mun-dau-den-st-ives-170g-1971.html,"['1972', '98653', '98651', '1971', '1976', '71277']",1971,Tran thi ha,Mùi dễ chịu giảm mụn,Sữa Rửa Mặt St.Ives Tẩy Tế Bào Chết Trà Xanh & Than Tre 170g,11: 08 | 20/11/2023,5.0
https://hasaki.vn/san-pham/sua-rua-mat-tay-te-bao-chet-tra-xanh-lam-giam-mun-dau-den-st-ives-170g-1971.html,"['1972', '98653', '98651', '1971', '1976', '71277']",1971,Cầm Ly,10đ,Sữa Rửa Mặt St.Ives Tẩy Tế Bào Chết Hoa Hồng & Lô Hội 170g,10: 10 | 20/11/2023,4.0
https://hasaki.vn/san-pham/sua-rua-mat-tay-te-bao-chet-tra-xanh-lam-giam-mun-dau-den-st-ives-170g-1971.html,"['1972', '98653', '98651', '1971', '1976', '71277']",1971,Nguyễn Vân,mùi dễ chịu và giảm mụn,Sữa Rửa Mặt St.Ives Tẩy Tế Bào Chết Hoa Hồng & Lô Hội 170g,10: 08 | 20/11/2023,5.0
https://hasaki.vn/san-pham/sua-rua-mat-tay-te-bao-chet-tra-xanh-lam-giam-mun-dau-den-st-ives-170g-1971.html,"['1972', '98653', '98651', '1971', '1976', '71277']",1971,Minh Huyền,Sản phẩm tốt nên mua,Sữa Rửa Mặt St.Ives Tẩy Tế Bào Chết Hoa Hồng & Lô Hội 170g,09: 38 | 20/11/2023,5.0
https://hasaki.vn/san-pham/sua-rua-mat-tay-te-bao-chet-tra-xanh-lam-giam-mun-dau-den-st-ives-170g-1971.html,"['1972', '98653', '98651', '1971', '1976', '71277']",1971,Lý Lệ Quân,"Dùng sp này bị ghiền luôn, hạt siêu mịn, mùi thơm dễ chịu, da sạch hơn sau khi dùng.",Sữa Rửa Mặt St.Ives Tẩy Tế Bào Chết Trà Xanh & Than Tre 170g Đã mua hàng online,07: 39 | 06/08/2024,5.0
https://hasaki.vn/san-pham/sua-rua-mat-tay-te-bao-chet-tra-xanh-lam-giam-mun-dau-den-st-ives-170g-1971.html,"['1972', '98653', '98651', '1971', '1976', '71277']",1971,Minh minh,Mùi dễ chịu .sạch mụn,Sữa Rửa Mặt St.Ives Tẩy Tế Bào Chết Trà Xanh & Than Tre 170g,10: 06 | 28/11/2023,5.0
https://hasaki.vn/san-pham/sua-rua-mat-tay-te-bao-chet-tra-xanh-lam-giam-mun-dau-den-st-ives-170g-1971.html,"['1972', '98653', '98651', '1971', '1976', '71277']",1971,Nguyễn Thị Huyền,"Giảm mụn, mùi đê chịu",Sữa Rửa Mặt St.Ives Tẩy Tế Bào Chết Hoa Hồng & Lô Hội 170g,16: 18 | 27/11/2023,5.0
https://hasaki.vn/san-pham/sua-rua-mat-tay-te-bao-chet-tra-xanh-lam-giam-mun-dau-den-st-ives-170g-1971.html,"['1972', '98653', '98651', '1971', '1976', '71277']",1971,Tô Phương Trâm,sp nên dùng tốt ạ,Sữa Rửa Mặt St.Ives Tẩy Tế Bào Chết Hoa Hồng & Lô Hội 170g,15: 29 | 25/11/2023,5.0
https://hasaki.vn/san-pham/sua-rua-mat-tay-te-bao-chet-tra-xanh-lam-giam-mun-dau-den-st-ives-170g-1971.html,"['1972', '98653', '98651', '1971', '1976', '71277']",1971,Đàm Thục Quyên,"Đang dùng, thấy mụn giảm đi nhiều và mùi rất dễ chịu.",Sữa Rửa Mặt St.Ives Tẩy Tế Bào Chết Hoa Hồng & Lô Hội 170g,19: 33 | 23/11/2023,5.0
https://hasaki.vn/san-pham/sua-rua-mat-tay-te-bao-chet-tra-xanh-lam-giam-mun-dau-den-st-ives-170g-1971.html,"['1972', '98653', '98651', '1971', '1976', '71277']",1971,Huyền thu,"Mùi dễ chịu, dùng thik lắm",Sữa Rửa Mặt St.Ives Tẩy Tế Bào Chết Hoa Hồng & Lô Hội 170g,19: 11 | 22/11/2023,5.0
https://hasaki.vn/san-pham/sua-rua-mat-tay-te-bao-chet-tra-xanh-lam-giam-mun-dau-den-st-ives-170g-1971.html,"['1972', '98653', '98651', '1971', '1976', '71277']",1971,Nguyen Phuong Anh,dùng không bị khô da cảm ơn shop,Sữa Rửa Mặt St.Ives Tẩy Tế Bào Chết Hoa Hồng & Lô Hội 170g,17: 01 | 22/11/2023,5.0
https://hasaki.vn/san-pham/sua-rua-mat-tay-te-bao-chet-tra-xanh-lam-giam-mun-dau-den-st-ives-170g-1971.html,"['1972', '98653', '98651', '1971', '1976', '71277']",1971,Phạm Kim Nguyên,mùi dễ chịu giảm mụn,Sữa Rửa Mặt St.Ives Tẩy Tế Bào Chết Hoa Hồng & Lô Hội 170g,13: 35 | 22/11/2023,5.0
https://hasaki.vn/san-pham/sua-rua-mat-tay-te-bao-chet-tra-xanh-lam-giam-mun-dau-den-st-ives-170g-1971.html,"['1972', '98653', '98651', '1971', '1976', '71277']",1971,Nguyễn Thị Hồng Sâm,"Mùi dễ chịu, giảm mụn",Sữa Rửa Mặt St.Ives Tẩy Tế Bào Chết Hoa Hồng & Lô Hội 170g,12: 13 | 22/11/2023,5.0
https://hasaki.vn/san-pham/sua-rua-mat-tay-te-bao-chet-tra-xanh-lam-giam-mun-dau-den-st-ives-170g-1971.html,"['1972', '98653', '98651', '1971', '1976', '71277']",1971,Vyvy,"Mùi dễ chịu, giảm mụn",Sữa Rửa Mặt St.Ives Tẩy Tế Bào Chết Hoa Hồng & Lô Hội 170g,12: 03 | 22/11/2023,5.0
https://hasaki.vn/san-pham/tinh-chat-some-by-mi-cho-da-mun-50ml-73482.html,[''],73482,oanh nguyễn thị thúy,giam han mun,Tinh Chất SOME BY MI Cho Da Mụn 50ml Đã mua hàng online,15: 45 | 24/08/2019,5.0
https://hasaki.vn/san-pham/tinh-chat-some-by-mi-cho-da-mun-50ml-73482.html,[''],73482,Huỳnh Mỹ Châu,Good,Tinh Chất SOME BY MI Cho Da Mụn 50ml Đã mua hàng online,23: 23 | 17/06/2019,5.0
https://hasaki.vn/san-pham/tinh-chat-some-by-mi-cho-da-mun-50ml-73482.html,[''],73482,Mai Tham Ngo,Xài được rất lâu và ok lắm hết mụn hẳn,Tinh Chất SOME BY MI Cho Da Mụn 50ml Đã mua hàng online,21: 46 | 07/01/2019,5.0
https://hasaki.vn/san-pham/tinh-chat-some-by-mi-cho-da-mun-50ml-73482.html,[''],73482,Thủy Trúc Vũ Thị,"trai nghiệm của mình đối vs em này khá tốt, có giảm mụn mờ thâm.",Tinh Chất SOME BY MI Cho Da Mụn 50ml Đã mua hàng online,11: 20 | 12/09/2020,4.0
https://hasaki.vn/san-pham/tinh-chat-some-by-mi-cho-da-mun-50ml-73482.html,[''],73482,Đ.Thị ÝNhư,hủy mã này giúp e shop ơi...e đặt nhầm địa chỉ,Tinh Chất SOME BY MI Cho Da Mụn 50ml Đã mua hàng online,12: 09 | 15/07/2020,5.0
https://hasaki.vn/san-pham/tinh-chat-some-by-mi-cho-da-mun-50ml-73482.html,[''],73482,Ngoc Nguyen,Xai on .,Tinh Chất SOME BY MI Cho Da Mụn 50ml Đã mua hàng online,09: 14 | 13/06/2020,5.0
https://hasaki.vn/san-pham/tinh-chat-some-by-mi-cho-da-mun-50ml-73482.html,[''],73482,Nguyễn Danh Thái,"dùng dc 3 ngày thì mụn lên khô cồi da mịn hơn ,,,hiểu quả 30 ngày thì chưa bt sao,,dùng tạm ổn",Tinh Chất SOME BY MI Cho Da Mụn 50ml Đã mua hàng online,12: 12 | 19/04/2020,4.0
https://hasaki.vn/san-pham/tinh-chat-some-by-mi-cho-da-mun-50ml-73482.html,[''],73482,Hồ Tiểu Bình,"Mình mua tại cửa hàng, dùng được 3 ngày thì mụn nổi lên. Mụn ẩn, mụn viêm hay mụn li ti đều lên cả. Nghe bảo dùng vài hôm sẽ đẩy mụn lên trên bề mặt da rồi khô rụng mới hết. Các mụn nhỏ thì cũng có khô thật, sờ thấy nhám nhám mặt, cũng khô rụng rồi hết, không sao. Mình hy vọng là các review đó đánh giá đúng việc đẩy mụn lên hết và sạch da, nên cũng cố gắng sử dụng thêm thời gian nữa xem sao. Việc hỗ trợ giảm thâm và làm sáng da thì chưa thấy có hiệu quả gì. Serum thơm nhẹ, thấm nhanh, không nhờn rít, không gây bí da nên thấy cũng ổn. Mình sử dụng ngày 2 lần, kết hợp với toner cùng loại.",Tinh Chất SOME BY MI Cho Da Mụn 50ml Đã mua hàng online,14: 17 | 09/04/2020,4.0
https://hasaki.vn/san-pham/tinh-chat-some-by-mi-cho-da-mun-50ml-73482.html,[''],73482,Nguyễn,Vì là lần đầu mua đồ skin care mình ib nhờ tư vấn serum và kem chống nắng shop chỉ xem và ko rep. nhưng mình vẫn quyết định mua em này.. giao hàng thì hơi lâu tí.. mới dùng được 2 ngày nên để đánh giá sau,Tinh Chất SOME BY MI Cho Da Mụn 50ml Đã mua hàng online,23: 21 | 20/02/2020,5.0
https://hasaki.vn/san-pham/tinh-chat-some-by-mi-cho-da-mun-50ml-73482.html,[''],73482,Nguyễn Tú Khang,"Giao hàng tốt,đóng gói cẩn thận",Tinh Chất SOME BY MI Cho Da Mụn 50ml Đã mua hàng online,09: 21 | 18/01/2020,5.0
https://hasaki.vn/san-pham/tinh-chat-some-by-mi-cho-da-mun-50ml-73482.html,[''],73482,Ngô Thị Hồng Cúc,"Không biết mọi người thế nào chứ mình dùng cả bộ tận 3 tháng mới thấy bớt chút đỉnh dù đã điều chỉnh chế độ sinh hoạt các thứ, nản thật",Tinh Chất SOME BY MI Cho Da Mụn 50ml Đã mua hàng online,21: 19 | 30/09/2019,4.0
https://hasaki.vn/san-pham/tinh-chat-some-by-mi-cho-da-mun-50ml-73482.html,[''],73482,Trần Lê Bá Hiếu,hàng real đấy mn ạ,Tinh Chất SOME BY MI Cho Da Mụn 50ml Đã mua hàng online,14: 53 | 27/09/2019,5.0
https://hasaki.vn/san-pham/tinh-chat-some-by-mi-cho-da-mun-50ml-73482.html,[''],73482,Phụng Nguyễn,"mình mụn nhiều, xài thấy đỡ, không lên thêm mụn mới",Tinh Chất SOME BY MI Cho Da Mụn 50ml Đã mua hàng online,11: 26 | 11/09/2019,5.0
https://hasaki.vn/san-pham/tinh-chat-some-by-mi-cho-da-mun-50ml-73482.html,[''],73482,Phước Duyên Hồ,"Mình có mua e này ngày 27/12/2022 nhưng sdung k phù hợp, bạn nào cần liên hệ mình sdt 0366332151 mình pass lại 100k ạ",Serum Some By Mi AHA-BHA-PHA Cho Da Mụn 50ml Đã mua hàng online,13: 55 | 02/02/2023,5.0
https://hasaki.vn/san-pham/tinh-chat-some-by-mi-cho-da-mun-50ml-73482.html,[''],73482,Ha Nguyen,"Em này dùng rất thích nha, bạn nào da siêu khó chịu dễ dị ứng như mình cũng có thể tham khảo em này. Hiệu quả chậm nhưng nhìn chung khá ổn, chỉ mỗi đề nghị hãng xem lại phần thiết kế sản phẩm, vòi ống bơm quá dễ bị hỏng khiến tinh chất dễ bay hơi.",Tinh Chất Some By Mi AHA-BHA-PHA Cho Da Mụn 50ml Đã mua hàng online,20: 14 | 16/02/2022,4.0
https://hasaki.vn/san-pham/tinh-chat-some-by-mi-cho-da-mun-50ml-73482.html,[''],73482,Thùy Dương,Good good good. Dùng rất thích ạ!,Tinh Chất Some By Mi AHA-BHA-PHA Cho Da Mụn 50ml Đã mua hàng online,13: 11 | 16/12/2021,5.0
https://hasaki.vn/san-pham/tinh-chat-some-by-mi-cho-da-mun-50ml-73482.html,[''],73482,Thông Nguyễn,Sử dụng chung với TTBC Paulachoice được k mn,Tinh Chất Some By Mi AHA-BHA-PHA Cho Da Mụn 50ml Đã mua hàng online,22: 46 | 25/11/2021,5.0
https://hasaki.vn/san-pham/tinh-chat-some-by-mi-cho-da-mun-50ml-73482.html,[''],73482,Huỳnh Ngô Thúy Vi,"Mình da dầu, xài em này kết hợp vs toner cùng hãng đẩy mụn rất hiệu quả. 3 ngày là mụn đẩy lên, đi lấy nhân mụn sau 3 thấy khác ngay. Thơm mùi chanh, nhớ lắc đều trước khi sử dụng vì em có 2 lớp dầu + nước.",Tinh Chất Some By Mi AHA-BHA-PHA Cho Da Mụn 50ml Đã mua hàng online,21: 07 | 16/07/2021,5.0
https://hasaki.vn/san-pham/tinh-chat-some-by-mi-cho-da-mun-50ml-73482.html,[''],73482,Nguyễn Tường,"serum này gốc dầu ban đầu dùng thấm khá nhanh nhưng sau một thời gian sẽ bị oxi hóa gây tách lớp dầu và nước dẫn đến nhờn da khi apply và khả năng thẩm thấu cũng giảm, dùng một thời gian phần ống hút serum với đầu cao su bắt đầu lỏng ra và nó cũng là một phần dẫn đến serum oxi hóa. Lời khuyên cho mng là khi mua về nên chiết ra một lọ serum khác",Tinh Chất Some By Mi AHA-BHA-PHA Cho Da Mụn 50ml Đã mua hàng online,22: 41 | 28/06/2021,3.0
https://hasaki.vn/san-pham/tinh-chat-some-by-mi-cho-da-mun-50ml-73482.html,[''],73482,Võ Thị Thúy,tốt,Tinh Chất Some By Mi AHA-BHA-PHA Cho Da Mụn 50ml Đã mua hàng online,22: 36 | 12/06/2021,5.0
https://hasaki.vn/san-pham/tinh-chat-some-by-mi-cho-da-mun-50ml-73482.html,[''],73482,Su Juan,ngày đầu sử dụng mụn liti nổi qua chừng sử dụng tiếp 3 ngày mụn liti hết hẳn,Tinh Chất Some By Mi AHA-BHA-PHA Cho Da Mụn 50ml Đã mua hàng online,13: 58 | 31/05/2021,5.0
https://hasaki.vn/san-pham/tinh-chat-some-by-mi-cho-da-mun-50ml-73482.html,[''],73482,Hà Ngọc Lê,"sp ok , mk mua lúc sale nên giá cực rẻ , bọc kỹ theo mk nghĩ cái này ko dành cho ai đang bị dầu (đấy là ý kiến cá nhân nha) mới dùng nên chưa thể nêu cảm nhận ạ",Tinh Chất Some By Mi AHA-BHA-PHA Cho Da Mụn 50ml Đã mua hàng online,10: 52 | 13/05/2021,5.0
https://hasaki.vn/san-pham/tinh-chat-some-by-mi-cho-da-mun-50ml-73482.html,[''],73482,Ngô Thị Vân Anh,"Em dùng được 2 tuần, chữ phê rẻ kéo dài nhé, dùng tốt mà mụn không còn miếng nào luôn. Cảm giác lỗ chân lông cũng nhỏ laii ấy",Tinh Chất Some By Mi AHA-BHA-PHA Cho Da Mụn 50ml Đã mua hàng online,23: 01 | 01/05/2021,5.0
https://hasaki.vn/san-pham/gel-nha-dam-milaganics-duong-am-lam-mem-da-300ml-16901.html,"['16901', '16877']",16901,Lư Bích Thuý,"Mình hay dùng để dưỡng ẩm da, bữa mình có dùng thử để làm dịu mụn thấy oke lắm nha, mùi thơm nữa.",Gel Nha Đam Milaganics Dưỡng Ẩm & Làm Mềm Da 300ml Đã mua hàng online,21: 17 | 25/07/2022,5.0
https://hasaki.vn/san-pham/gel-nha-dam-milaganics-duong-am-lam-mem-da-300ml-16901.html,"['16901', '16877']",16901,Nam Minh,"Bôi lên da mẻ, dễ chịu, mùi cũng dễ ngửi!",Gel Nha Đam Milaganics Dưỡng Ẩm & Làm Mềm Da 300ml Đã mua hàng online,19: 12 | 10/07/2022,5.0
https://hasaki.vn/san-pham/gel-nha-dam-milaganics-duong-am-lam-mem-da-300ml-16901.html,"['16901', '16877']",16901,PHƯƠNG MAI,,"Gel Nha Đam Milaganics Dưỡng Ẩm, Ngừa Lão Hóa 300ml Đã mua hàng online",18: 30 | 05/07/2021,5.0
https://hasaki.vn/san-pham/gel-nha-dam-milaganics-duong-am-lam-mem-da-300ml-16901.html,"['16901', '16877']",16901,Đào thị thanh mai,"Gel mát cực luôn nè, xài thích lắm, vừa xịn vừa rẻ nữa","Gel Nha Đam Tươi Milaganics Dưỡng Ẩm, Ngừa Lão Hóa 150g Đã mua hàng online",15: 19 | 19/03/2021,5.0
https://hasaki.vn/san-pham/gel-nha-dam-milaganics-duong-am-lam-mem-da-300ml-16901.html,"['16901', '16877']",16901,Nguyễn Thị Ly Ly,Dưỡng ẩm tốt,Gel Nha Đam 98% Milaganics 300ml Đã mua hàng online,07: 58 | 16/10/2019,5.0
https://hasaki.vn/san-pham/gel-nha-dam-milaganics-duong-am-lam-mem-da-300ml-16901.html,"['16901', '16877']",16901,Châu Châu,thấy kêu da khô dùng còn đủ ẩm mà sao mình da dầu mà dùng vô mua đông mình thấy k đủ ẩm cho lắm vẫn bị tróc da ở phần chữ u còn những phần khác đều ẩm mịn k hiểu đc á,Gel Nha Đam Milaganics Dưỡng Ẩm & Làm Mềm Da 150ml Đã mua hàng online,21: 06 | 28/02/2024,4.0
https://hasaki.vn/san-pham/gel-nha-dam-milaganics-duong-am-lam-mem-da-300ml-16901.html,"['16901', '16877']",16901,Nguyễn Thị Phương Nhi,"da mk khô nên mua hủ nhỏ dùng thử xem như thế nào , dùng 1 thời gian thấy cấp ẩm khá tốt. chác lần sau mua hủ lớn dùng cho đã",Gel Nha Đam Milaganics Dưỡng Ẩm & Làm Mềm Da 300ml,21: 51 | 22/02/2024,5.0
https://hasaki.vn/san-pham/gel-nha-dam-milaganics-duong-am-lam-mem-da-300ml-16901.html,"['16901', '16877']",16901,An Nguyen,"Xuất sắc luôn, thấm nhanh, không rít, bị cái thơm hơi nồng so với mìn; em này bỏ xa 3 hũ gel nha đam Hàn Quốc rít chịt",Gel Nha Đam Milaganics Dưỡng Ẩm & Làm Mềm Da 150ml Đã mua hàng online,09: 41 | 11/01/2024,5.0
https://hasaki.vn/san-pham/gel-nha-dam-milaganics-duong-am-lam-mem-da-300ml-16901.html,"['16901', '16877']",16901,Phạm Hằng,mình bỏ vào tủ lạnh đc ko ạ,Gel Nha Đam Milaganics Dưỡng Ẩm & Làm Mềm Da 150ml Đã mua hàng online,15: 07 | 20/08/2023,5.0
https://hasaki.vn/san-pham/gel-nha-dam-milaganics-duong-am-lam-mem-da-300ml-16901.html,"['16901', '16877']",16901,kiều linh,ok lắm dùng ủ tóc bao mượt luôn á 100₫,Gel Nha Đam Milaganics Dưỡng Ẩm & Làm Mềm Da 300ml Đã mua hàng online,17: 34 | 11/08/2023,5.0
https://hasaki.vn/san-pham/gel-nha-dam-milaganics-duong-am-lam-mem-da-300ml-16901.html,"['16901', '16877']",16901,Linh Pun,"mình mua 9 hũ rồi, rất thích ấy, nên kết hợp bôi sau khi tẩy da chết để thấy hiệu quả hơn nhé, xong da mềm như da em bé",Gel Nha Đam Milaganics Dưỡng Ẩm & Làm Mềm Da 300ml Đã mua hàng online,17: 10 | 19/07/2023,5.0
https://hasaki.vn/san-pham/gel-nha-dam-milaganics-duong-am-lam-mem-da-300ml-16901.html,"['16901', '16877']",16901,Nguyễn Ngọc Kim Ngân,"Hơi bị ổn luôn, gần như không mùi, thấm nhanh, khá mát, giá tương đổi ổn.",Gel Nha Đam Milaganics Dưỡng Ẩm & Làm Mềm Da 150ml Đã mua hàng online,15: 04 | 28/05/2023,5.0
https://hasaki.vn/san-pham/gel-nha-dam-milaganics-duong-am-lam-mem-da-300ml-16901.html,"['16901', '16877']",16901,Mai Huỳnh,"mát, thoa lên hơi rít tẹo",Gel Nha Đam Milaganics Dưỡng Ẩm & Làm Mềm Da 300ml Đã mua hàng online,15: 52 | 18/04/2023,4.0
https://hasaki.vn/san-pham/gel-nha-dam-milaganics-duong-am-lam-mem-da-300ml-16901.html,"['16901', '16877']",16901,Kim Huyền,"Mình thấy dùng ưng cơ mà hơi bết dít nếu dùng xong 1 tiếng chắc phải đi rửa vì hơi dính, không biết có tác dụng nhiều không",Gel Nha Đam Milaganics Dưỡng Ẩm & Làm Mềm Da 300ml Đã mua hàng online,22: 02 | 12/04/2023,5.0
https://hasaki.vn/san-pham/gel-nha-dam-milaganics-duong-am-lam-mem-da-300ml-16901.html,"['16901', '16877']",16901,Cao Thái Y Ngân,"Với mình đây trở thành hủ kem dưỡng da chân ái dành cho da bàn tay và chân. Mình năm nay 32 tuổi đã bắt đầu xuất hiện lão hoá, đặc biệt da tay và chân. Mình đã thử dùng nhiều loại kem dưỡng đặc trị cho da tay và chân nhưng không mấy hiệu quả. Trộm vía trước tình cờ mua em này cho mẹ xài lúc trời lạnh nhưng mẹ không xài nên mình đem ra bôi tay. Dùng độ 1 tuần da thay đổi hẳng mịn màng lắm mn. Mùi nhẹ, bôi mau thấm, không nhờn rít. Đối với hủ kem giá rẻ thế này thì chất lượng 10 điểm nhé",Gel Nha Đam Milaganics Dưỡng Ẩm & Làm Mềm Da 300ml Đã mua hàng online,13: 27 | 10/04/2023,5.0
https://hasaki.vn/san-pham/kem-duong-diu-nhe-ban-ngay-olay-total-effects-ngua-lao-hoa-spf15-50g-83659.html,"['83661', '83659', '83657']",83659,Hang Thuy,mình mới mua xài tầm 3 tuần bỏ thì uổn mà thì cái tự dưng đen xì lì.đã xác định là xài kem này để dưỡng căng mướt thui chứ củng kg mong trắng lên cơ bản da trắng sẳng.nhưng giờ cái mặt đen thui lại ...,Kem Dưỡng Olay Total Effects Ngừa Lão Hóa Da Ban Đêm 50g Đã mua hàng online,13: 06 | 21/09/2024,5.0
https://hasaki.vn/san-pham/kem-duong-diu-nhe-ban-ngay-olay-total-effects-ngua-lao-hoa-spf15-50g-83659.html,"['83661', '83659', '83657']",83659,KHOA,mình xài thấy bình thường không trắng cũng không giảm lão hóa là bao. Hũ olay niacinamide trắng hơn,Kem Dưỡng Olay Total Effects Ngừa Lão Hóa Da Ban Đêm 50g,15: 50 | 06/08/2024,4.0
https://hasaki.vn/san-pham/kem-duong-diu-nhe-ban-ngay-olay-total-effects-ngua-lao-hoa-spf15-50g-83659.html,"['83661', '83659', '83657']",83659,Trần Thị Kim Thanh,da nhạy cảm xài được o shop,Kem Dưỡng Olay Ban Ngày Ngăn Ngừa 7 Dấu Hiệu Lão Hóa 50g Đã mua hàng online,13: 48 | 04/08/2024,5.0
https://hasaki.vn/san-pham/kem-duong-diu-nhe-ban-ngay-olay-total-effects-ngua-lao-hoa-spf15-50g-83659.html,"['83661', '83659', '83657']",83659,Trần thị tú trinh,thơm hương dịu bắt sáng khi sức kem ra nắng rất đẹp,Kem Dưỡng Olay Total Effects Dịu Nhẹ Ngừa Lão Hóa Ban Ngày 50g Đã mua hàng online,10: 56 | 06/12/2023,5.0
https://hasaki.vn/san-pham/kem-duong-diu-nhe-ban-ngay-olay-total-effects-ngua-lao-hoa-spf15-50g-83659.html,"['83661', '83659', '83657']",83659,Phan Phương Thanh Vân,"Mình sd 1 lọ thử và trắng mịn lên từng ngày nha . Kiếm mãi mới có loại hợp do da mặt nhạy cảm , mua lọ thứ 2 rồi",Kem Dưỡng Olay Total Effects Ngừa Lão Hóa Da Ban Đêm 50g Đã mua hàng online,20: 20 | 10/10/2023,5.0
https://hasaki.vn/san-pham/kem-duong-diu-nhe-ban-ngay-olay-total-effects-ngua-lao-hoa-spf15-50g-83659.html,"['83661', '83659', '83657']",83659,NGUYỄN PHƯƠNG NHI,"Mua 14/2 xài đến 22/2. Mình da HHTD, sức lên thấm liền vô da, hồi tiếc 1 chút là không để lại 1 lớp dưỡng ẩm cho da :",Kem Dưỡng Olay Total Effects Ngừa Lão Hóa Da Ban Đêm 50g Đã mua hàng online,21: 55 | 14/02/2023,5.0
https://hasaki.vn/san-pham/kem-duong-diu-nhe-ban-ngay-olay-total-effects-ngua-lao-hoa-spf15-50g-83659.html,"['83661', '83659', '83657']",83659,Nguyen thi van thanh,"iêu cái cách chỉnh chu của HSK . Khâu góii hàng rất tâm nên mở hàng hơi đuối ^^. hjhj mình mới đặt Olay vừa nhận hàng sau 2 ngày đặt, thì giờ có c.trình tặng máy rửa mặt 60k huhu tiếc ghê",Kem Dưỡng Olay Ban Đêm Ngăn Ngừa Lão Hóa Da 50g Đã mua hàng online,13: 03 | 18/12/2022,5.0
https://hasaki.vn/san-pham/kem-duong-diu-nhe-ban-ngay-olay-total-effects-ngua-lao-hoa-spf15-50g-83659.html,"['83661', '83659', '83657']",83659,Phạm Minh Kiều Loan,"E vừa nhân được hộp kem. Nhưng bao bì k có niêm phong gì cả, từ hộp đến chai bên trong đều dễ mở. Làm e k thấy yên tâm lắm. Còn kết quả thì chưa xài nên chưa biết ạ",Kem Dưỡng Olay Total Effects Ngừa Lão Hóa Ban Ngày 50g Đã mua hàng online,11: 42 | 02/12/2022,3.0
https://hasaki.vn/san-pham/kem-duong-diu-nhe-ban-ngay-olay-total-effects-ngua-lao-hoa-spf15-50g-83659.html,"['83661', '83659', '83657']",83659,Chu Hằng,sản phẩm ko được lung linh như hình quảng cáo,Kem Dưỡng Olay Ban Đêm Ngăn Ngừa Lão Hóa Da 50g Đã mua hàng online,12: 59 | 11/11/2022,4.0
https://hasaki.vn/san-pham/kem-duong-diu-nhe-ban-ngay-olay-total-effects-ngua-lao-hoa-spf15-50g-83659.html,"['83661', '83659', '83657']",83659,Nguyen thi van thanh,Rất thích Hski đặt biệt trong khâu đóng gói luôn cẩn thận chỉnh chu nè ^^. tin dùng từ 2019 đến nay .thanks !,Kem Dưỡng Olay Total Effects Ngừa Lão Hóa Ban Ngày 50g Đã mua hàng online,18: 43 | 22/09/2022,5.0
https://hasaki.vn/san-pham/nuoc-xit-khoang-bio-essence-cap-am-lam-diu-da-300ml-4000.html,"['5745', '4002', '4000']",4000,Thỏ Xám nhỏ,Dùng rất nhiều loại rồi nhung loại này xài đã nha bà con .cái tia nó đã dã man luon săn sale giá rẻ nữa mua combo chưa tới 200k quá hời kkk .bữa bị ngứa xịt lên vậy mà dịu hẳn ❤️,Nước Xịt Khoáng Bio-essence Dưỡng Da Ẩm Mượt Mịn Màng 100ml,10: 07 | 25/08/2024,5.0
https://hasaki.vn/san-pham/nuoc-xit-khoang-bio-essence-cap-am-lam-diu-da-300ml-4000.html,"['5745', '4002', '4000']",4000,Bé My,"Loại này xài quá êm luôn í ạ .! Giao nhanh quá trời , mới đặt hôm qua nay có hàng rồi, sử dụng êm này dành cho ngày nắng nóng hay makeup quá tiệc dời luôn nhe mng",Nước Xịt Khoáng Bio-essence Dưỡng Da Ẩm Mượt Mịn Màng 300ml Đã mua hàng online,18: 16 | 05/04/2023,5.0
https://hasaki.vn/san-pham/nuoc-xit-khoang-bio-essence-cap-am-lam-diu-da-300ml-4000.html,"['5745', '4002', '4000']",4000,Ngô Thị Hương Giang,"xịt khoáng dùng rất thích từ chất lượng đến tia xịt, dung tích thành 400ml như các dòng khác nữa thì tuyệt.",Nước Xịt Khoáng Bio-essence Dưỡng Da Ẩm Mượt Mịn Màng 300ml Đã mua hàng online,09: 35 | 20/01/2023,4.0
https://hasaki.vn/san-pham/nuoc-xit-khoang-bio-essence-cap-am-lam-diu-da-300ml-4000.html,"['5745', '4002', '4000']",4000,Hoàng Yến,"Xịt rất mịn nhé , mát mik thấy nó hơi giống như cái của La Roche Posay , e này dùng cấp ẩm tốt , mát , giá tầm trung chai to , kiềm dầu đỉnh tốt mik khuyên mn nên mua nhé",Nước Xịt Khoáng Bio-essence Dưỡng Da Ẩm Mượt Mịn Màng 300ml Đã mua hàng online,16: 44 | 25/12/2022,5.0
https://hasaki.vn/san-pham/nuoc-xit-khoang-bio-essence-cap-am-lam-diu-da-300ml-4000.html,"['5745', '4002', '4000']",4000,Nguyễn Thu Ánh,,"Nước Xịt Khoáng Bio-essence Cấp Ẩm, Làm Dịu Da 100ml Đã mua hàng online",16: 48 | 15/06/2021,5.0
https://hasaki.vn/san-pham/nuoc-xit-khoang-bio-essence-cap-am-lam-diu-da-300ml-4000.html,"['5745', '4002', '4000']",4000,Ngọc Khánh,"Sài cũng bth nhưng nhanh hết quá, xịt vài lần hết tiêu dòiii",Nước Xịt Khoáng Bio-essence Cho Da Nhạy Cảm 30ml Đã mua hàng online,17: 15 | 05/06/2021,4.0
https://hasaki.vn/san-pham/nuoc-xit-khoang-bio-essence-cap-am-lam-diu-da-300ml-4000.html,"['5745', '4002', '4000']",4000,Nguyễn Tiên,"Dùng cực fresh, tia xịt nhỏ không gây đau rát cho da","Nước Xịt Khoáng Bio-essence Cấp Ẩm, Làm Dịu Da 100ml Đã mua hàng online",18: 57 | 26/03/2021,5.0
https://hasaki.vn/san-pham/nuoc-xit-khoang-bio-essence-cap-am-lam-diu-da-300ml-4000.html,"['5745', '4002', '4000']",4000,Lam Nguyen,Cho em hoi san pham nay co su dung cho vung nach dc ko shop,Xịt Khoáng Bio-essence Cho Da Nhạy Cảm 100ml Đã mua hàng online,14: 13 | 13/07/2020,5.0
https://hasaki.vn/san-pham/phan-nuoc-laneige-cho-lop-nen-cang-bong-tu-nhien-24h-23n-15g-111010.html,"['111010', '93025', '93027', '100459']",111010,C.TÚ,"Em cushion đỉnh nhất mình từng dùng. Mình da khô, khi đánh lên căng bóng mà mướt rất đẹp. Ai ít khuyết điểm đánh em hồng 10 điểm không có nhưng. Mua lại 1000 lần sản phẩm này",Phấn Nước Laneige Cho Lớp Nền Căng Bóng Tự Nhiên 24H #21N 15g Đã mua hàng online,13: 51 | 23/07/2023,5.0
https://hasaki.vn/san-pham/mieng-dan-tri-mun-mayancare-20-mieng-3367.html,"['3367', '3365']",3367,Nguyễn Hải Phượng,"hút nhân mụn tốt nhất là sau khi mụn bể ra,che chắn mụn đang sưng khỏi bụi bẩn, đơn hàng nào của mình cũng phải có hộp này:))",Miếng Dán MAYAN Làm Giảm Mụn 20 Miếng Đã mua hàng online,19: 01 | 29/06/2019,5.0
https://hasaki.vn/san-pham/mieng-dan-tri-mun-mayancare-20-mieng-3367.html,"['3367', '3365']",3367,Shelly Nguyen,Good,Miếng Dán Làm Giảm Mụn Mayancare 20 Miếng Đã mua hàng online,08: 16 | 06/10/2018,5.0
https://hasaki.vn/san-pham/mieng-dan-tri-mun-mayancare-20-mieng-3367.html,"['3367', '3365']",3367,Như Văn,"sản phẩm trị mụn ưa thích,giúp lỡ tay chạm vào chỗ mụn cũng ko sao,lại lấy đc cả nhân mụn",Miếng Dán Làm Giảm Mụn Mayancare 20 Miếng Đã mua hàng online,17: 21 | 04/09/2018,5.0
https://hasaki.vn/san-pham/mieng-dan-tri-mun-mayancare-20-mieng-3367.html,"['3367', '3365']",3367,Nhi Trầnn,"Hasaki giao hàng nhanh nhưng loại dán mụn này tác dụng yếu quá, lại còn dễ rớt nữa. Dán mà rửa mặt xong chảy mồ hôi là tróc ra liền à.",Miếng Dán Làm Giảm Mụn Mayancare 20 Miếng Đã mua hàng online,10: 22 | 02/11/2017,5.0
https://hasaki.vn/san-pham/mieng-dan-tri-mun-mayancare-20-mieng-3367.html,"['3367', '3365']",3367,Nguyen nhat quynh,,Miếng Dán Trị Mụn Mayancare 20 Miếng Đã mua hàng online,11: 21 | 27/10/2017,5.0
https://hasaki.vn/san-pham/mieng-dan-tri-mun-mayancare-20-mieng-3367.html,"['3367', '3365']",3367,Di An,"Miếng dán rất tốt, dán vào chỗ mụn sẽ bớt sưng tấy. Dán liên tục sẽ rút được cả đầu mụn. Hasaki giao hàng cũng rất nhanh.",Miếng Dán Trị Mụn Mayancare 20 Miếng Đã mua hàng online,15: 22 | 26/09/2017,5.0
https://hasaki.vn/san-pham/mieng-dan-tri-mun-mayancare-20-mieng-3367.html,"['3367', '3365']",3367,Thuy Anh Bui Le,,Miếng Dán Trị Mụn Mayancare 20 Miếng Đã mua hàng online,15: 00 | 15/09/2017,5.0
https://hasaki.vn/san-pham/mieng-dan-tri-mun-mayancare-20-mieng-3367.html,"['3367', '3365']",3367,Lê Cẩm Giang,Cái này xài hơi được lắm mọi người. Mình bị mụn hôm trước dán lên qua hôm sau hút mụn liền à( lên còi mụn luôn á) Dán khoảng 2 lần là hết,Miếng Dán Mụn Mayan Ultra Thin Spot 20+4 Miếng,07: 53 | 07/01/2024,5.0
https://hasaki.vn/san-pham/mieng-dan-tri-mun-mayancare-20-mieng-3367.html,"['3367', '3365']",3367,Tú Vân,Dán sau nặn mụn hút dịch rất ok ạ đã mua lại lần thứ 3 ngon bổ rẻ,Miếng Dán Mụn Mayan Ultra Thin Spot 20+4 Miếng Đã mua hàng online,16: 52 | 14/10/2023,5.0
https://hasaki.vn/san-pham/mieng-dan-tri-mun-mayancare-20-mieng-3367.html,"['3367', '3365']",3367,Lê Nguyễn Tuyết Nhi,nhân viên tư vấn như mới train và được nhận vì da đẹp thôi á.t hỏi mấy sp dán mụn thôi mà trả lời sai tè le ra.mà mua về mở sp ra số luong cũng k như tư vấn,Miếng Dán Mụn Mayan Ultra Thin Spot Plus 12+8 Miếng,22: 33 | 12/09/2023,5.0
https://hasaki.vn/san-pham/mieng-dan-tri-mun-mayancare-20-mieng-3367.html,"['3367', '3365']",3367,Dương Nguyễn,Sử dụng tốt.,Miếng Dán Mụn Mayan Ultra Thin Spot 20+4 Miếng Đã mua hàng online,21: 32 | 27/08/2023,5.0
https://hasaki.vn/san-pham/mieng-dan-tri-mun-mayancare-20-mieng-3367.html,"['3367', '3365']",3367,Thu Thảo,,Miếng Dán Mụn Mayan Ultra Thin Spot 20+4 Miếng Đã mua hàng online,22: 06 | 01/03/2023,5.0
https://hasaki.vn/san-pham/mieng-dan-tri-mun-mayancare-20-mieng-3367.html,"['3367', '3365']",3367,mai ngọc minh khuê,Mình xài loại này với loại màu xanh mua ở hasaki rồi. Gần như k tác dụng j luôn. Mụn lên đầu hơi trắng rồi vẫn k lấy đc nhân mụn ra mà lúc đã lấy ra rồi mình dán lên cũng k có tác dụng hút hết phần còn sót lại nữa.,Miếng Dán Mụn Mayan Ultra Thin Spot 20+4 Miếng Đã mua hàng online,15: 21 | 30/09/2022,2.0
https://hasaki.vn/san-pham/mieng-dan-tri-mun-mayancare-20-mieng-3367.html,"['3367', '3365']",3367,Huyền Trân,Để sd vài ngày rồi quay lại đánh giá nếu tốt thật thì chắc ủng hộ dài dài ạ,Miếng Dán Mụn Mayan Ultra Thin Spot 20+4 Miếng Đã mua hàng online,09: 48 | 06/09/2022,5.0
https://hasaki.vn/san-pham/mieng-dan-tri-mun-mayancare-20-mieng-3367.html,"['3367', '3365']",3367,Hường,"giá thành rẻ so với các loại dán mụn khác, mỏng, bám tốt, nặn mụn xong mình hay dán qua đêm thì sáng thấy chỗ mụn không bị sưng nữa, hút dịch ok",Miếng Dán Mụn Mayan Ultra Thin Spot 20+4 Miếng Đã mua hàng online,10: 30 | 28/07/2022,5.0
https://hasaki.vn/san-pham/mieng-dan-tri-mun-mayancare-20-mieng-3367.html,"['3367', '3365']",3367,HẰNG,"Giá mua rẻ , dán qua đêm sáng thấy mụn đỡ sưng đỏ và nhanh lành hơn.",Miếng Dán Mụn Mayan Ultra Thin Spot 20+4 Miếng Đã mua hàng online,13: 30 | 26/05/2022,5.0
https://hasaki.vn/san-pham/mieng-dan-tri-mun-mayancare-20-mieng-3367.html,"['3367', '3365']",3367,An Phương,Okie bớt đỏ bớt thâm hơn,Miếng Dán Mụn Mayan Ultra Thin Spot Plus 12+8 Miếng Đã mua hàng online,12: 58 | 15/05/2022,5.0
